municipalityCode,population,populationAsOf,areaKm2,areaAsOf
01202,251084,2020-10-01,,
01203,111299,2020-10-01,,
01204,329306,2020-10-01,,
01205,82383,2020-10-01,,
01206,165077,2020-10-01,,
01207,166536,2020-10-01,,
01208,115480,2020-10-01,,
01209,7334,2020-10-01,,
01210,79306,2020-10-01,,
01211,35759,2020-10-01,,
01212,20114,2020-10-01,,
01213,170113,2020-10-01,,
01214,33563,2020-10-01,,
01215,20413,2020-10-01,,
01216,12555,2020-10-01,,
01217,121056,2020-10-01,,
01218,9698,2020-10-01,,
01219,21215,2020-10-01,,
01220,17858,2020-10-01,,
01221,27282,2020-10-01,,
01222,8040,2020-10-01,,
01223,24636,2020-10-01,,
01224,97950,2020-10-01,,
01225,39490,2020-10-01,,
01226,16486,2020-10-01,,
01227,2989,2020-10-01,,
01228,20039,2020-10-01,,
01229,21131,2020-10-01,,
01230,46391,2020-10-01,,
01231,70331,2020-10-01,,
01233,32826,2020-10-01,,
01234,58171,2020-10-01,,
01235,56869,2020-10-01,,
01236,44302,2020-10-01,,
01303,15916,2020-10-01,,
01304,3044,2020-10-01,,
01331,6260,2020-10-01,,
01332,3794,2020-10-01,,
01333,4167,2020-10-01,,
01334,3832,2020-10-01,,
01337,27686,2020-10-01,,
01343,3760,2020-10-01,,
01345,14338,2020-10-01,,
01346,15826,2020-10-01,,
01347,5109,2020-10-01,,
01361,7428,2020-10-01,,
01362,4306,2020-10-01,,
01363,3592,2020-10-01,,
01364,3403,2020-10-01,,
01367,2410,2020-10-01,,
01370,5072,2020-10-01,,
01371,7398,2020-10-01,,
01391,1356,2020-10-01,,
01392,2838,2020-10-01,,
01393,2791,2020-10-01,,
01394,4568,2020-10-01,,
01395,5074,2020-10-01,,
01396,2045,2020-10-01,,
01397,1911,2020-10-01,,
01398,2156,2020-10-01,,
01399,2941,2020-10-01,,
01400,15129,2020-10-01,,
01401,5772,2020-10-01,,
01402,11648,2020-10-01,,
01403,1569,2020-10-01,,
01404,870,2020-10-01,,
01405,1831,2020-10-01,,
01406,2745,2020-10-01,,
01407,3180,2020-10-01,,
01408,18000,2020-10-01,,
01409,1165,2020-10-01,,
01423,7319,2020-10-01,,
01424,5120,2020-10-01,,
01425,2841,2020-10-01,,
01427,4822,2020-10-01,,
01428,10289,2020-10-01,,
01429,11272,2020-10-01,,
01430,3691,2020-10-01,,
01431,1732,2020-10-01,,
01432,6484,2020-10-01,,
01433,2693,2020-10-01,,
01434,2329,2020-10-01,,
01436,2389,2020-10-01,,
01437,1724,2020-10-01,,
01438,2909,2020-10-01,,
01452,6567,2020-10-01,,
01453,10127,2020-10-01,,
01454,6319,2020-10-01,,
01455,3520,2020-10-01,,
01456,2605,2020-10-01,,
01457,3500,2020-10-01,,
01458,8314,2020-10-01,,
01459,9668,2020-10-01,,
01460,10348,2020-10-01,,
01461,4733,2020-10-01,,
01462,2376,2020-10-01,,
01463,1306,2020-10-01,,
01464,3192,2020-10-01,,
01465,2926,2020-10-01,,
01468,3126,2020-10-01,,
01469,4145,2020-10-01,,
01470,706,2020-10-01,,
01471,1528,2020-10-01,,
01472,1370,2020-10-01,,
01481,3908,2020-10-01,,
01482,2994,2020-10-01,,
01483,2936,2020-10-01,,
01484,6548,2020-10-01,,
01485,1080,2020-10-01,,
01486,2520,2020-10-01,,
01487,2950,2020-10-01,,
01511,2611,2020-10-01,,
01512,3448,2020-10-01,,
01513,1637,2020-10-01,,
01514,7565,2020-10-01,,
01516,3974,2020-10-01,,
01517,2509,2020-10-01,,
01518,2004,2020-10-01,,
01519,2458,2020-10-01,,
01520,2371,2020-10-01,,
01543,18697,2020-10-01,,
01544,4373,2020-10-01,,
01545,11418,2020-10-01,,
01546,3883,2020-10-01,,
01547,4623,2020-10-01,,
01549,4677,2020-10-01,,
01550,2775,2020-10-01,,
01552,4875,2020-10-01,,
01555,19241,2020-10-01,,
01559,8270,2020-10-01,,
01560,2421,2020-10-01,,
01561,3628,2020-10-01,,
01562,1053,2020-10-01,,
01563,4199,2020-10-01,,
01564,6775,2020-10-01,,
01571,3821,2020-10-01,,
01575,2743,2020-10-01,,
01578,16212,2020-10-01,,
01581,4432,2020-10-01,,
01584,8442,2020-10-01,,
01585,7340,2020-10-01,,
01586,7651,2020-10-01,,
01601,11279,2020-10-01,,
01602,4776,2020-10-01,,
01604,5309,2020-10-01,,
01607,12074,2020-10-01,,
01608,4043,2020-10-01,,
01609,4374,2020-10-01,,
01610,21517,2020-10-01,,
01631,43576,2020-10-01,,
01632,5848,2020-10-01,,
01633,4778,2020-10-01,,
01634,5266,2020-10-01,,
01635,5817,2020-10-01,,
01636,9094,2020-10-01,,
01637,18048,2020-10-01,,
01638,3884,2020-10-01,,
01639,3080,2020-10-01,,
01641,5420,2020-10-01,,
01642,6387,2020-10-01,,
01643,25766,2020-10-01,,
01644,6294,2020-10-01,,
01645,3022,2020-10-01,,
01646,6618,2020-10-01,,
01647,6563,2020-10-01,,
01648,2264,2020-10-01,,
01649,4387,2020-10-01,,
01661,19105,2020-10-01,,
01662,8892,2020-10-01,,
01663,5507,2020-10-01,,
01664,7230,2020-10-01,,
01665,6955,2020-10-01,,
01667,2558,2020-10-01,,
01668,7289,2020-10-01,,
01691,14380,2020-10-01,,
01692,23010,2020-10-01,,
01693,5023,2020-10-01,,
01694,4722,2020-10-01,,
01695,,,,
01696,,,,
01697,,,,
01698,,,,
01699,,,,
01700,,,,
02201,275192,2020-10-01,,
02202,168466,2020-10-01,,
02203,223415,2020-10-01,,
02204,31946,2020-10-01,,
02205,51415,2020-10-01,,
02206,60378,2020-10-01,,
02207,39152,2020-10-01,,
02208,54103,2020-10-01,,
02209,30934,2020-10-01,,
02210,30567,2020-10-01,,
02301,10126,2020-10-01,,
02303,2334,2020-10-01,,
02304,2540,2020-10-01,,
02307,5401,2020-10-01,,
02321,9044,2020-10-01,,
02323,7346,2020-10-01,,
02343,1265,2020-10-01,,
02361,14573,2020-10-01,,
02362,8665,2020-10-01,,
02367,7326,2020-10-01,,
02381,12700,2020-10-01,,
02384,12074,2020-10-01,,
02387,9657,2020-10-01,,
02401,12374,2020-10-01,,
02402,14556,2020-10-01,,
02405,10447,2020-10-01,,
02406,4229,2020-10-01,,
02408,16428,2020-10-01,,
02411,10367,2020-10-01,,
02412,24273,2020-10-01,,
02423,4718,2020-10-01,,
02424,5955,2020-10-01,,
02425,1636,2020-10-01,,
02426,1788,2020-10-01,,
02441,9082,2020-10-01,,
02442,16042,2020-10-01,,
02443,4968,2020-10-01,,
02445,16809,2020-10-01,,
02446,13496,2020-10-01,,
02450,2197,2020-10-01,,
03201,289731,2020-10-01,,
03202,50369,2020-10-01,,
03203,34728,2020-10-01,,
03205,93193,2020-10-01,,
03206,93045,2020-10-01,,
03207,33043,2020-10-01,,
03208,25366,2020-10-01,,
03209,111932,2020-10-01,,
03210,18262,2020-10-01,,
03211,32078,2020-10-01,,
03213,25513,2020-10-01,,
03214,24023,2020-10-01,,
03215,112937,2020-10-01,,
03216,55579,2020-10-01,,
03301,15731,2020-10-01,,
03302,5634,2020-10-01,,
03303,12285,2020-10-01,,
03321,32147,2020-10-01,,
03322,28056,2020-10-01,,
03366,5134,2020-10-01,,
03381,15535,2020-10-01,,
03402,7252,2020-10-01,,
03441,5045,2020-10-01,,
03461,11004,2020-10-01,,
03482,14320,2020-10-01,,
03483,8726,2020-10-01,,
03484,3059,2020-10-01,,
03485,2487,2020-10-01,,
03501,8421,2020-10-01,,
03503,3936,2020-10-01,,
03506,5378,2020-10-01,,
03507,15091,2020-10-01,,
03524,11494,2020-10-01,,
04202,140151,2020-10-01,,
04203,52203,2020-10-01,,
04205,61147,2020-10-01,,
04206,32758,2020-10-01,,
04207,78718,2020-10-01,,
04208,27976,2020-10-01,,
04209,62827,2020-10-01,,
04211,44068,2020-10-01,,
04212,76037,2020-10-01,,
04213,64637,2020-10-01,,
04214,39098,2020-10-01,,
04215,127330,2020-10-01,,
04216,51651,2020-10-01,,
04301,11418,2020-10-01,,
04302,1262,2020-10-01,,
04321,23571,2020-10-01,,
04322,10666,2020-10-01,,
04323,38271,2020-10-01,,
04324,8345,2020-10-01,,
04341,12262,2020-10-01,,
04361,33087,2020-10-01,,
04362,12046,2020-10-01,,
04401,13323,2020-10-01,,
04404,18132,2020-10-01,,
04406,35182,2020-10-01,,
04421,28786,2020-10-01,,
04422,7813,2020-10-01,,
04424,5849,2020-10-01,,
04444,6698,2020-10-01,,
04445,21943,2020-10-01,,
04501,15388,2020-10-01,,
04505,23994,2020-10-01,,
04581,6430,2020-10-01,,
04606,12225,2020-10-01,,
05201,307672,2020-10-01,,
05202,49968,2020-10-01,,
05203,85555,2020-10-01,,
05204,69237,2020-10-01,,
05206,25154,2020-10-01,,
05207,42091,2020-10-01,,
05209,29088,2020-10-01,,
05210,74707,2020-10-01,,
05211,31720,2020-10-01,,
05212,77657,2020-10-01,,
05213,30198,2020-10-01,,
05214,23435,2020-10-01,,
05215,24610,2020-10-01,,
05303,4780,2020-10-01,,
05327,2063,2020-10-01,,
05346,2896,2020-10-01,,
05348,15254,2020-10-01,,
05349,6577,2020-10-01,,
05361,8538,2020-10-01,,
05363,5583,2020-10-01,,
05366,4566,2020-10-01,,
05368,3011,2020-10-01,,
05434,18613,2020-10-01,,
05463,13825,2020-10-01,,
05464,2704,2020-10-01,,
06201,247590,2020-10-01,,
06202,81252,2020-10-01,,
06203,122347,2020-10-01,,
06204,100273,2020-10-01,,
06205,34432,2020-10-01,,
06206,40189,2020-10-01,,
06207,29110,2020-10-01,,
06208,22516,2020-10-01,,
06209,26543,2020-10-01,,
06210,62140,2020-10-01,,
06211,47682,2020-10-01,,
06212,14971,2020-10-01,,
06213,30420,2020-10-01,,
06301,13725,2020-10-01,,
06302,10746,2020-10-01,,
06321,17641,2020-10-01,,
06322,4956,2020-10-01,,
06323,6366,2020-10-01,,
06324,7646,2020-10-01,,
06341,6577,2020-10-01,,
06361,5071,2020-10-01,,
06362,8080,2020-10-01,,
06363,5007,2020-10-01,,
06364,7203,2020-10-01,,
06365,3028,2020-10-01,,
06366,3902,2020-10-01,,
06367,4199,2020-10-01,,
06381,22463,2020-10-01,,
06382,14558,2020-10-01,,
06401,7107,2020-10-01,,
06402,12890,2020-10-01,,
06403,6613,2020-10-01,,
06426,7601,2020-10-01,,
06428,20151,2020-10-01,,
06461,13032,2020-10-01,,
07201,282693,2020-10-01,,
07202,117376,2020-10-01,,
07203,327692,2020-10-01,,
07204,332931,2020-10-01,,
07205,59491,2020-10-01,,
07207,74992,2020-10-01,,
07208,44760,2020-10-01,,
07209,34865,2020-10-01,,
07210,53557,2020-10-01,,
07211,35169,2020-10-01,,
07212,59005,2020-10-01,,
07213,58240,2020-10-01,,
07214,30236,2020-10-01,,
07301,11459,2020-10-01,,
07303,8639,2020-10-01,,
07308,12170,2020-10-01,,
07322,8900,2020-10-01,,
07342,12318,2020-10-01,,
07344,5194,2020-10-01,,
07362,5264,2020-10-01,,
07364,504,2020-10-01,,
07367,4044,2020-10-01,,
07368,14451,2020-10-01,,
07402,2556,2020-10-01,,
07405,5770,2020-10-01,,
07407,3322,2020-10-01,,
07408,13552,2020-10-01,,
07421,15068,2020-10-01,,
07422,3081,2020-10-01,,
07423,3081,2020-10-01,,
07444,1452,2020-10-01,,
07445,1862,2020-10-01,,
07446,1246,2020-10-01,,
07447,19014,2020-10-01,,
07461,20808,2020-10-01,,
07464,6213,2020-10-01,,
07465,4885,2020-10-01,,
07466,17287,2020-10-01,,
07481,13343,2020-10-01,,
07482,5392,2020-10-01,,
07483,8302,2020-10-01,,
07484,3049,2020-10-01,,
07501,14644,2020-10-01,,
07502,6392,2020-10-01,,
07503,5826,2020-10-01,,
07504,6036,2020-10-01,,
07505,4825,2020-10-01,,
07521,17018,2020-10-01,,
07522,9471,2020-10-01,,
07541,5412,2020-10-01,,
07542,3710,2020-10-01,,
07543,2128,2020-10-01,,
07544,2044,2020-10-01,,
07545,847,2020-10-01,,
07546,,,,
07547,1923,2020-10-01,,
07548,420,2020-10-01,,
07561,7905,2020-10-01,,
07564,1318,2020-10-01,,
08201,270685,2020-10-01,,
08202,174508,2020-10-01,,
08203,142074,2020-10-01,,
08204,139344,2020-10-01,,
08205,73061,2020-10-01,,
08207,50645,2020-10-01,,
08208,76420,2020-10-01,,
08210,42521,2020-10-01,,
08211,60834,2020-10-01,,
08212,48602,2020-10-01,,
08214,27699,2020-10-01,,
08215,41801,2020-10-01,,
08216,73173,2020-10-01,,
08217,104524,2020-10-01,,
08219,84651,2020-10-01,,
08220,241656,2020-10-01,,
08221,156581,2020-10-01,,
08222,66950,2020-10-01,,
08223,27604,2020-10-01,,
08224,68421,2020-10-01,,
08225,39267,2020-10-01,,
08226,53502,2020-10-01,,
08227,100753,2020-10-01,,
08228,52265,2020-10-01,,
08229,39039,2020-10-01,,
08230,40087,2020-10-01,,
08231,39122,2020-10-01,,
08232,95454,2020-10-01,,
08233,32185,2020-10-01,,
08234,45953,2020-10-01,,
08235,49872,2020-10-01,,
08236,48870,2020-10-01,,
08302,31401,2020-10-01,,
08309,15715,2020-10-01,,
08310,18097,2020-10-01,,
08341,37891,2020-10-01,,
08364,15736,2020-10-01,,
08442,14602,2020-10-01,,
08443,48553,2020-10-01,,
08447,8231,2020-10-01,,
08521,21026,2020-10-01,,
08542,8093,2020-10-01,,
08546,24201,2020-10-01,,
08564,15340,2020-10-01,,
09201,518757,2020-10-01,,
09202,144746,2020-10-01,,
09203,155549,2020-10-01,,
09204,116228,2020-10-01,,
09205,94033,2020-10-01,,
09206,77661,2020-10-01,,
09208,166666,2020-10-01,,
09209,78190,2020-10-01,,
09210,72087,2020-10-01,,
09211,31165,2020-10-01,,
09213,115210,2020-10-01,,
09214,44513,2020-10-01,,
09215,24875,2020-10-01,,
09216,59507,2020-10-01,,
09301,30806,2020-10-01,,
09342,21898,2020-10-01,,
09343,11891,2020-10-01,,
09344,11262,2020-10-01,,
09345,14961,2020-10-01,,
09361,39474,2020-10-01,,
09364,24913,2020-10-01,,
09384,10354,2020-10-01,,
09386,29229,2020-10-01,,
09407,23956,2020-10-01,,
09411,15215,2020-10-01,,
10201,332149,2020-10-01,,
10202,372973,2020-10-01,,
10203,106445,2020-10-01,,
10204,211850,2020-10-01,,
10205,223014,2020-10-01,,
10206,45337,2020-10-01,,
10207,75309,2020-10-01,,
10208,74581,2020-10-01,,
10209,63261,2020-10-01,,
10210,47446,2020-10-01,,
10211,54907,2020-10-01,,
10212,49648,2020-10-01,,
10344,14216,2020-10-01,,
10345,21792,2020-10-01,,
10366,1128,2020-10-01,,
10367,1645,2020-10-01,,
10382,6576,2020-10-01,,
10383,1611,2020-10-01,,
10384,12491,2020-10-01,,
10421,15386,2020-10-01,,
10424,5095,2020-10-01,,
10425,8850,2020-10-01,,
10426,6049,2020-10-01,,
10428,3511,2020-10-01,,
10429,12728,2020-10-01,,
10443,3993,2020-10-01,,
10444,3480,2020-10-01,,
10448,6953,2020-10-01,,
10449,17195,2020-10-01,,
10464,36054,2020-10-01,,
10521,14083,2020-10-01,,
10522,10882,2020-10-01,,
10523,10861,2020-10-01,,
10524,42089,2020-10-01,,
10525,25522,2020-10-01,,
11201,354571,2020-10-01,,
11202,194415,2020-10-01,,
11203,594274,2020-10-01,,
11206,78617,2020-10-01,,
11207,59674,2020-10-01,,
11208,342464,2020-10-01,,
11209,80361,2020-10-01,,
11210,111623,2020-10-01,,
11211,78569,2020-10-01,,
11212,91791,2020-10-01,,
11214,229792,2020-10-01,,
11215,148699,2020-10-01,,
11216,52862,2020-10-01,,
11217,116828,2020-10-01,,
11218,141268,2020-10-01,,
11219,226940,2020-10-01,,
11221,248304,2020-10-01,,
11222,341621,2020-10-01,,
11223,74283,2020-10-01,,
11224,140899,2020-10-01,,
11225,145651,2020-10-01,,
11227,141083,2020-10-01,,
11228,75346,2020-10-01,,
11229,83989,2020-10-01,,
11230,166017,2020-10-01,,
11231,74748,2020-10-01,,
11232,150582,2020-10-01,,
11233,65201,2020-10-01,,
11234,93363,2020-10-01,,
11235,111859,2020-10-01,,
11237,142145,2020-10-01,,
11238,61499,2020-10-01,,
11239,100275,2020-10-01,,
11240,50066,2020-10-01,,
11241,70117,2020-10-01,,
11242,54571,2020-10-01,,
11243,71979,2020-10-01,,
11245,113597,2020-10-01,,
11246,52214,2020-10-01,,
11301,44841,2020-10-01,,
11324,38434,2020-10-01,,
11326,35366,2020-10-01,,
11327,11029,2020-10-01,,
11341,19732,2020-10-01,,
11342,17889,2020-10-01,,
11343,28524,2020-10-01,,
11346,19378,2020-10-01,,
11347,18192,2020-10-01,,
11348,13560,2020-10-01,,
11349,10540,2020-10-01,,
11361,7979,2020-10-01,,
11362,9302,2020-10-01,,
11363,6807,2020-10-01,,
11365,10928,2020-10-01,,
11369,2709,2020-10-01,,
11381,11039,2020-10-01,,
11383,13359,2020-10-01,,
11385,30343,2020-10-01,,
11408,32374,2020-10-01,,
11442,34147,2020-10-01,,
11464,43845,2020-10-01,,
11465,28266,2020-10-01,,
12202,58431,2020-10-01,,
12203,496676,2020-10-01,,
12204,642907,2020-10-01,,
12205,45153,2020-10-01,,
12206,136166,2020-10-01,,
12207,498232,2020-10-01,,
12208,152638,2020-10-01,,
12210,86782,2020-10-01,,
12211,132906,2020-10-01,,
12212,168743,2020-10-01,,
12213,58219,2020-10-01,,
12215,63745,2020-10-01,,
12216,176197,2020-10-01,,
12217,426468,2020-10-01,,
12218,16927,2020-10-01,,
12219,269524,2020-10-01,,
12220,199849,2020-10-01,,
12221,199498,2020-10-01,,
12222,130510,2020-10-01,,
12223,32116,2020-10-01,,
12224,109932,2020-10-01,,
12225,82206,2020-10-01,,
12226,42465,2020-10-01,,
12227,171362,2020-10-01,,
12228,93576,2020-10-01,,
12229,63883,2020-10-01,,
12230,67455,2020-10-01,,
12231,102609,2020-10-01,,
12232,62441,2020-10-01,,
12233,49735,2020-10-01,,
12234,35831,2020-10-01,,
12235,35040,2020-10-01,,
12236,72356,2020-10-01,,
12237,48444,2020-10-01,,
12238,35544,2020-10-01,,
12239,48129,2020-10-01,,
12322,20745,2020-10-01,,
12329,20127,2020-10-01,,
12342,5816,2020-10-01,,
12347,13735,2020-10-01,,
12349,13228,2020-10-01,,
12403,14639,2020-10-01,,
12409,7033,2020-10-01,,
12410,22075,2020-10-01,,
12421,11897,2020-10-01,,
12422,6760,2020-10-01,,
12423,13803,2020-10-01,,
12424,10305,2020-10-01,,
12426,6721,2020-10-01,,
12427,7198,2020-10-01,,
12441,8885,2020-10-01,,
12443,6874,2020-10-01,,
12463,6993,2020-10-01,,
13101,66680,2020-10-01,,
13102,169179,2020-10-01,,
13103,260486,2020-10-01,,
13104,349385,2020-10-01,,
13105,240069,2020-10-01,,
13106,211444,2020-10-01,,
13107,272085,2020-10-01,,
13108,524310,2020-10-01,,
13109,422488,2020-10-01,,
13110,288088,2020-10-01,,
13111,748081,2020-10-01,,
13112,943664,2020-10-01,,
13113,243883,2020-10-01,,
13114,344880,2020-10-01,,
13115,591108,2020-10-01,,
13116,301599,2020-10-01,,
13117,355213,2020-10-01,,
13118,217475,2020-10-01,,
13119,584483,2020-10-01,,
13120,752608,2020-10-01,,
13121,695043,2020-10-01,,
13122,453093,2020-10-01,,
13123,697932,2020-10-01,,
13201,579355,2020-10-01,,
13202,183581,2020-10-01,,
13203,150149,2020-10-01,,
13204,195391,2020-10-01,,
13205,133535,2020-10-01,,
13206,262790,2020-10-01,,
13207,113949,2020-10-01,,
13208,242614,2020-10-01,,
13209,431079,2020-10-01,,
13210,126074,2020-10-01,,
13211,198739,2020-10-01,,
13212,190435,2020-10-01,,
13213,151815,2020-10-01,,
13214,129242,2020-10-01,,
13215,77130,2020-10-01,,
13218,56414,2020-10-01,,
13219,84772,2020-10-01,,
13220,83901,2020-10-01,,
13221,76208,2020-10-01,,
13222,115271,2020-10-01,,
13223,70829,2020-10-01,,
13224,146951,2020-10-01,,
13225,93151,2020-10-01,,
13227,54326,2020-10-01,,
13228,79292,2020-10-01,,
13229,207388,2020-10-01,,
13303,31765,2020-10-01,,
13305,16958,2020-10-01,,
13307,2003,2020-10-01,,
13308,4750,2020-10-01,,
13361,7102,2020-10-01,,
13362,327,2020-10-01,,
13363,2441,2020-10-01,,
13364,1855,2020-10-01,,
13381,2273,2020-10-01,,
13382,323,2020-10-01,,
13401,7042,2020-10-01,,
13402,169,2020-10-01,,
13421,2929,2020-10-01,,
14201,388078,2020-10-01,,
14203,258422,2020-10-01,,
14204,172710,2020-10-01,,
14205,436905,2020-10-01,,
14206,188856,2020-10-01,,
14207,242389,2020-10-01,,
14208,57060,2020-10-01,,
14210,42069,2020-10-01,,
14211,162439,2020-10-01,,
14212,223705,2020-10-01,,
14213,239169,2020-10-01,,
14214,101780,2020-10-01,,
14215,136516,2020-10-01,,
14216,132325,2020-10-01,,
14217,40841,2020-10-01,,
14218,83913,2020-10-01,,
14301,31665,2020-10-01,,
14321,48348,2020-10-01,,
14341,31634,2020-10-01,,
14342,27564,2020-10-01,,
14361,9300,2020-10-01,,
14362,17129,2020-10-01,,
14363,10836,2020-10-01,,
14364,9761,2020-10-01,,
14366,18329,2020-10-01,,
14382,11293,2020-10-01,,
14383,6722,2020-10-01,,
14384,23426,2020-10-01,,
14401,39869,2020-10-01,,
14402,3038,2020-10-01,,
15202,266936,2020-10-01,,
15204,94642,2020-10-01,,
15205,81526,2020-10-01,,
15206,94927,2020-10-01,,
15208,34096,2020-10-01,,
15209,25441,2020-10-01,,
15210,49820,2020-10-01,,
15211,39237,2020-10-01,,
15212,57418,2020-10-01,,
15213,77201,2020-10-01,,
15216,40765,2020-10-01,,
15217,30383,2020-10-01,,
15218,47625,2020-10-01,,
15222,188047,2020-10-01,,
15223,40696,2020-10-01,,
15224,51492,2020-10-01,,
15225,34483,2020-10-01,,
15226,54851,2020-10-01,,
15227,28509,2020-10-01,,
15307,14259,2020-10-01,,
15342,7705,2020-10-01,,
15361,11227,2020-10-01,,
15385,9965,2020-10-01,,
15405,4113,2020-10-01,,
15461,7767,2020-10-01,,
15482,8989,2020-10-01,,
15504,4380,2020-10-01,,
15581,5144,2020-10-01,,
15586,353,2020-10-01,,
16201,413938,2020-10-01,,
16202,166393,2020-10-01,,
16204,40535,2020-10-01,,
16205,43950,2020-10-01,,
16206,32349,2020-10-01,,
16207,39638,2020-10-01,,
16208,48154,2020-10-01,,
16209,28983,2020-10-01,,
16210,47937,2020-10-01,,
16211,90742,2020-10-01,,
16321,3132,2020-10-01,,
16322,19351,2020-10-01,,
16323,24792,2020-10-01,,
16342,23839,2020-10-01,,
16343,11081,2020-10-01,,
17201,463254,2020-10-01,,
17202,50300,2020-10-01,,
17203,106216,2020-10-01,,
17204,24608,2020-10-01,,
17205,12929,2020-10-01,,
17206,63220,2020-10-01,,
17207,20407,2020-10-01,,
17209,34889,2020-10-01,,
17210,110408,2020-10-01,,
17211,48523,2020-10-01,,
17212,57238,2020-10-01,,
17324,6135,2020-10-01,,
17361,36957,2020-10-01,,
17365,26574,2020-10-01,,
17384,18630,2020-10-01,,
17386,12121,2020-10-01,,
17407,16540,2020-10-01,,
17461,7890,2020-10-01,,
17463,15687,2020-10-01,,
18201,262328,2020-10-01,,
18202,64264,2020-10-01,,
18204,28991,2020-10-01,,
18205,31286,2020-10-01,,
18206,22150,2020-10-01,,
18207,68302,2020-10-01,,
18208,27524,2020-10-01,,
18209,80611,2020-10-01,,
18210,88481,2020-10-01,,
18322,18965,2020-10-01,,
18382,2423,2020-10-01,,
18404,10002,2020-10-01,,
18423,20118,2020-10-01,,
18442,9179,2020-10-01,,
18481,10326,2020-10-01,,
18483,7910,2020-10-01,,
18501,14003,2020-10-01,,
19201,189591,2020-10-01,,
19202,46530,2020-10-01,,
19204,31016,2020-10-01,,
19205,33435,2020-10-01,,
19206,22512,2020-10-01,,
19207,29067,2020-10-01,,
19208,69459,2020-10-01,,
19209,44053,2020-10-01,,
19210,75313,2020-10-01,,
19211,66947,2020-10-01,,
19212,22669,2020-10-01,,
19213,29237,2020-10-01,,
19214,31216,2020-10-01,,
19346,14700,2020-10-01,,
19364,1098,2020-10-01,,
19365,10663,2020-10-01,,
19366,7156,2020-10-01,,
19368,14219,2020-10-01,,
19384,20909,2020-10-01,,
19422,1607,2020-10-01,,
19423,4041,2020-10-01,,
19424,9237,2020-10-01,,
19425,5179,2020-10-01,,
19429,2824,2020-10-01,,
19430,26082,2020-10-01,,
19442,684,2020-10-01,,
19443,530,2020-10-01,,
20201,372760,2020-10-01,,
20202,241145,2020-10-01,,
20203,154055,2020-10-01,,
20204,47790,2020-10-01,,
20205,98164,2020-10-01,,
20206,48729,2020-10-01,,
20207,49559,2020-10-01,,
20208,40991,2020-10-01,,
20209,66125,2020-10-01,,
20210,32202,2020-10-01,,
20211,42338,2020-10-01,,
20212,26029,2020-10-01,,
20213,19539,2020-10-01,,
20214,56400,2020-10-01,,
20215,67241,2020-10-01,,
20217,98199,2020-10-01,,
20218,58852,2020-10-01,,
20219,30122,2020-10-01,,
20220,94222,2020-10-01,,
20303,4353,2020-10-01,,
20304,4344,2020-10-01,,
20305,3242,2020-10-01,,
20306,962,2020-10-01,,
20307,752,2020-10-01,,
20309,10218,2020-10-01,,
20321,19188,2020-10-01,,
20323,15555,2020-10-01,,
20324,6612,2020-10-01,,
20349,4121,2020-10-01,,
20350,5600,2020-10-01,,
20361,19155,2020-10-01,,
20362,14084,2020-10-01,,
20363,7680,2020-10-01,,
20382,18555,2020-10-01,,
20383,24989,2020-10-01,,
20384,9004,2020-10-01,,
20385,15797,2020-10-01,,
20386,4651,2020-10-01,,
20388,8569,2020-10-01,,
20402,12530,2020-10-01,,
20403,12811,2020-10-01,,
20404,4299,2020-10-01,,
20407,6068,2020-10-01,,
20409,387,2020-10-01,,
20410,852,2020-10-01,,
20411,3545,2020-10-01,,
20412,548,2020-10-01,,
20413,1178,2020-10-01,,
20414,1542,2020-10-01,,
20415,5973,2020-10-01,,
20416,6426,2020-10-01,,
20417,1023,2020-10-01,,
20422,4131,2020-10-01,,
20423,3915,2020-10-01,,
20425,2692,2020-10-01,,
20429,715,2020-10-01,,
20430,3439,2020-10-01,,
20432,10584,2020-10-01,,
20446,2593,2020-10-01,,
20448,1639,2020-10-01,,
20450,8400,2020-10-01,,
20451,4279,2020-10-01,,
20452,4149,2020-10-01,,
20481,9382,2020-10-01,,
20482,9599,2020-10-01,,
20485,8575,2020-10-01,,
20486,2647,2020-10-01,,
20521,14004,2020-10-01,,
20541,10660,2020-10-01,,
20543,6617,2020-10-01,,
20561,11352,2020-10-01,,
20562,4375,2020-10-01,,
20563,3279,2020-10-01,,
20583,7739,2020-10-01,,
20588,2215,2020-10-01,,
20590,10296,2020-10-01,,
20602,1660,2020-10-01,,
21201,402557,2020-10-01,,
21202,158286,2020-10-01,,
21203,84419,2020-10-01,,
21204,106732,2020-10-01,,
21205,85283,2020-10-01,,
21206,76570,2020-10-01,,
21207,19247,2020-10-01,,
21208,37150,2020-10-01,,
21209,65649,2020-10-01,,
21210,47774,2020-10-01,,
21211,56689,2020-10-01,,
21212,55348,2020-10-01,,
21213,144521,2020-10-01,,
21214,99968,2020-10-01,,
21215,25280,2020-10-01,,
21216,56388,2020-10-01,,
21217,22538,2020-10-01,,
21218,32928,2020-10-01,,
21219,38997,2020-10-01,,
21220,30428,2020-10-01,,
21221,32735,2020-10-01,,
21302,25881,2020-10-01,,
21303,22208,2020-10-01,,
21341,26882,2020-10-01,,
21361,26402,2020-10-01,,
21362,6610,2020-10-01,,
21381,18585,2020-10-01,,
21382,9654,2020-10-01,,
21383,14355,2020-10-01,,
21401,19529,2020-10-01,,
21403,22041,2020-10-01,,
21404,23360,2020-10-01,,
21421,18139,2020-10-01,,
21501,8071,2020-10-01,,
21502,5626,2020-10-01,,
21503,9860,2020-10-01,,
21504,3402,2020-10-01,,
21505,10195,2020-10-01,,
21506,7412,2020-10-01,,
21507,2016,2020-10-01,,
21521,17516,2020-10-01,,
21604,1511,2020-10-01,,
22203,189386,2020-10-01,,
22205,34208,2020-10-01,,
22206,107783,2020-10-01,,
22207,128105,2020-10-01,,
22208,65491,2020-10-01,,
22209,95719,2020-10-01,,
22210,245392,2020-10-01,,
22211,166672,2020-10-01,,
22212,136845,2020-10-01,,
22213,114954,2020-10-01,,
22214,141342,2020-10-01,,
22215,86614,2020-10-01,,
22216,87864,2020-10-01,,
22219,20183,2020-10-01,,
22220,50911,2020-10-01,,
22221,57885,2020-10-01,,
22222,28190,2020-10-01,,
22223,31103,2020-10-01,,
22224,47789,2020-10-01,,
22225,46804,2020-10-01,,
22226,43502,2020-10-01,,
22301,11488,2020-10-01,,
22302,6870,2020-10-01,,
22304,7877,2020-10-01,,
22305,6038,2020-10-01,,
22306,7090,2020-10-01,,
22325,36794,2020-10-01,,
22341,31710,2020-10-01,,
22342,43336,2020-10-01,,
22344,18568,2020-10-01,,
22424,28919,2020-10-01,,
22429,6206,2020-10-01,,
22461,17457,2020-10-01,,
23201,371920,2020-10-01,,
23202,384654,2020-10-01,,
23203,380073,2020-10-01,,
23204,127792,2020-10-01,,
23205,117884,2020-10-01,,
23206,308681,2020-10-01,,
23207,184661,2020-10-01,,
23208,60942,2020-10-01,,
23209,72458,2020-10-01,,
23210,153834,2020-10-01,,
23211,422330,2020-10-01,,
23212,187990,2020-10-01,,
23213,169046,2020-10-01,,
23214,79538,2020-10-01,,
23215,73090,2020-10-01,,
23216,58710,2020-10-01,,
23217,98255,2020-10-01,,
23219,148831,2020-10-01,,
23220,134751,2020-10-01,,
23221,44355,2020-10-01,,
23222,113787,2020-10-01,,
23223,93123,2020-10-01,,
23224,84364,2020-10-01,,
23225,72193,2020-10-01,,
23226,83144,2020-10-01,,
23227,46106,2020-10-01,,
23228,47983,2020-10-01,,
23229,69295,2020-10-01,,
23230,91520,2020-10-01,,
23231,59360,2020-10-01,,
23232,60829,2020-10-01,,
23233,67352,2020-10-01,,
23234,86385,2020-10-01,,
23235,43025,2020-10-01,,
23236,61952,2020-10-01,,
23237,86126,2020-10-01,,
23238,60162,2020-10-01,,
23302,43903,2020-10-01,,
23342,15613,2020-10-01,,
23361,24305,2020-10-01,,
23362,34133,2020-10-01,,
23424,32399,2020-10-01,,
23425,37338,2020-10-01,,
23427,4575,2020-10-01,,
23441,28383,2020-10-01,,
23442,49596,2020-10-01,,
23445,16617,2020-10-01,,
23446,22496,2020-10-01,,
23447,43535,2020-10-01,,
23501,42449,2020-10-01,,
23561,4437,2020-10-01,,
23562,2942,2020-10-01,,
23563,1017,2020-10-01,,
24201,274537,2020-10-01,,
24202,305424,2020-10-01,,
24203,122765,2020-10-01,,
24204,159145,2020-10-01,,
24205,138613,2020-10-01,,
24207,195670,2020-10-01,,
24208,76387,2020-10-01,,
24209,16252,2020-10-01,,
24210,49835,2020-10-01,,
24211,17525,2020-10-01,,
24212,15965,2020-10-01,,
24214,44973,2020-10-01,,
24215,46057,2020-10-01,,
24216,88766,2020-10-01,,
24303,6023,2020-10-01,,
24324,25784,2020-10-01,,
24341,40559,2020-10-01,,
24343,11021,2020-10-01,,
24344,15123,2020-10-01,,
24441,14021,2020-10-01,,
24442,22445,2020-10-01,,
24443,8668,2020-10-01,,
24461,15041,2020-10-01,,
24470,7847,2020-10-01,,
24471,7815,2020-10-01,,
24472,10989,2020-10-01,,
24543,14604,2020-10-01,,
24561,8079,2020-10-01,,
24562,10321,2020-10-01,,
25201,345070,2020-10-01,,
25202,113647,2020-10-01,,
25203,113636,2020-10-01,,
25204,81122,2020-10-01,,
25206,143913,2020-10-01,,
25207,83236,2020-10-01,,
25208,68820,2020-10-01,,
25209,88358,2020-10-01,,
25210,50513,2020-10-01,,
25211,54460,2020-10-01,,
25212,46377,2020-10-01,,
25213,112819,2020-10-01,,
25214,37225,2020-10-01,,
25383,20964,2020-10-01,,
25384,11789,2020-10-01,,
25425,20893,2020-10-01,,
25441,7132,2020-10-01,,
25442,6362,2020-10-01,,
25443,7274,2020-10-01,,
26201,77306,2020-10-01,,
26202,80336,2020-10-01,,
26203,31846,2020-10-01,,
26204,179630,2020-10-01,,
26205,16758,2020-10-01,,
26206,86174,2020-10-01,,
26207,74607,2020-10-01,,
26208,56859,2020-10-01,,
26209,80608,2020-10-01,,
26210,70433,2020-10-01,,
26211,73753,2020-10-01,,
26212,50860,2020-10-01,,
26213,31629,2020-10-01,,
26214,77907,2020-10-01,,
26303,15953,2020-10-01,,
26322,15250,2020-10-01,,
26343,7406,2020-10-01,,
26344,8911,2020-10-01,,
26364,1144,2020-10-01,,
26365,3478,2020-10-01,,
26366,36198,2020-10-01,,
26367,2391,2020-10-01,,
26407,12907,2020-10-01,,
26463,1928,2020-10-01,,
26465,20092,2020-10-01,,
27202,190658,2020-10-01,,
27203,401558,2020-10-01,,
27204,104993,2020-10-01,,
27205,385567,2020-10-01,,
27206,74412,2020-10-01,,
27207,352698,2020-10-01,,
27208,84443,2020-10-01,,
27209,143096,2020-10-01,,
27210,397289,2020-10-01,,
27211,287730,2020-10-01,,
27212,264642,2020-10-01,,
27213,100131,2020-10-01,,
27214,108699,2020-10-01,,
27215,229733,2020-10-01,,
27216,101692,2020-10-01,,
27217,117641,2020-10-01,,
27218,119367,2020-10-01,,
27219,184495,2020-10-01,,
27220,136868,2020-10-01,,
27221,68775,2020-10-01,,
27222,108736,2020-10-01,,
27223,119764,2020-10-01,,
27224,87456,2020-10-01,,
27225,55635,2020-10-01,,
27226,63688,2020-10-01,,
27227,493940,2020-10-01,,
27228,60102,2020-10-01,,
27229,55177,2020-10-01,,
27230,75033,2020-10-01,,
27231,58435,2020-10-01,,
27232,51254,2020-10-01,,
27301,30927,2020-10-01,,
27321,18279,2020-10-01,,
27322,9079,2020-10-01,,
27341,16567,2020-10-01,,
27361,43763,2020-10-01,,
27362,8434,2020-10-01,,
27366,14741,2020-10-01,,
27381,13009,2020-10-01,,
27382,15697,2020-10-01,,
27383,4909,2020-10-01,,
28201,530495,2020-10-01,,
28202,459593,2020-10-01,,
28203,303601,2020-10-01,,
28204,485587,2020-10-01,,
28205,41236,2020-10-01,,
28206,93922,2020-10-01,,
28207,198138,2020-10-01,,
28208,28355,2020-10-01,,
28209,77489,2020-10-01,,
28210,260878,2020-10-01,,
28212,45892,2020-10-01,,
28213,38673,2020-10-01,,
28214,226432,2020-10-01,,
28215,75294,2020-10-01,,
28216,87722,2020-10-01,,
28217,152321,2020-10-01,,
28218,47562,2020-10-01,,
28219,109238,2020-10-01,,
28220,42700,2020-10-01,,
28221,39611,2020-10-01,,
28222,22129,2020-10-01,,
28223,61471,2020-10-01,,
28224,44137,2020-10-01,,
28225,28989,2020-10-01,,
28226,41967,2020-10-01,,
28227,34819,2020-10-01,,
28228,40645,2020-10-01,,
28229,74316,2020-10-01,,
28301,29680,2020-10-01,,
28365,19261,2020-10-01,,
28381,30268,2020-10-01,,
28382,33604,2020-10-01,,
28442,11231,2020-10-01,,
28443,19377,2020-10-01,,
28446,10616,2020-10-01,,
28464,33477,2020-10-01,,
28481,13879,2020-10-01,,
28501,15863,2020-10-01,,
28585,16064,2020-10-01,,
28586,13318,2020-10-01,,
29201,354630,2020-10-01,,
29202,61744,2020-10-01,,
29203,83285,2020-10-01,,
29204,63889,2020-10-01,,
29205,120922,2020-10-01,,
29206,54857,2020-10-01,,
29207,27927,2020-10-01,,
29208,24096,2020-10-01,,
29209,116675,2020-10-01,,
29210,78113,2020-10-01,,
29211,36832,2020-10-01,,
29212,28121,2020-10-01,,
29322,3226,2020-10-01,,
29342,18009,2020-10-01,,
29343,23219,2020-10-01,,
29344,27587,2020-10-01,,
29345,7225,2020-10-01,,
29361,8167,2020-10-01,,
29362,6439,2020-10-01,,
29363,31177,2020-10-01,,
29385,1295,2020-10-01,,
29386,1479,2020-10-01,,
29401,6729,2020-10-01,,
29402,5179,2020-10-01,,
29424,21714,2020-10-01,,
29425,24043,2020-10-01,,
29426,33810,2020-10-01,,
29427,17018,2020-10-01,,
29441,6229,2020-10-01,,
29442,16728,2020-10-01,,
29443,5037,2020-10-01,,
29444,623,2020-10-01,,
29446,1176,2020-10-01,,
29447,357,2020-10-01,,
29449,3061,2020-10-01,,
29450,753,2020-10-01,,
29451,444,2020-10-01,,
29452,1156,2020-10-01,,
29453,1502,2020-10-01,,
30201,356729,2020-10-01,,
30202,48369,2020-10-01,,
30203,60818,2020-10-01,,
30204,26538,2020-10-01,,
30205,23481,2020-10-01,,
30206,69870,2020-10-01,,
30207,27171,2020-10-01,,
30208,58816,2020-10-01,,
30209,53967,2020-10-01,,
30304,8256,2020-10-01,,
30341,15967,2020-10-01,,
30343,3856,2020-10-01,,
30344,2970,2020-10-01,,
30361,11122,2020-10-01,,
30362,6781,2020-10-01,,
30366,25258,2020-10-01,,
30381,6867,2020-10-01,,
30382,7673,2020-10-01,,
30383,5364,2020-10-01,,
30390,7720,2020-10-01,,
30391,11818,2020-10-01,,
30392,9219,2020-10-01,,
30401,20262,2020-10-01,,
30404,15236,2020-10-01,,
30406,3685,2020-10-01,,
30421,14137,2020-10-01,,
30422,2791,2020-10-01,,
30424,2480,2020-10-01,,
30427,404,2020-10-01,,
30428,14959,2020-10-01,,
31201,188465,2020-10-01,,
31202,147317,2020-10-01,,
31203,46485,2020-10-01,,
31204,32740,2020-10-01,,
31302,10799,2020-10-01,,
31325,2864,2020-10-01,,
31328,6427,2020-10-01,,
31329,15937,2020-10-01,,
31364,6060,2020-10-01,,
31370,16055,2020-10-01,,
31371,16365,2020-10-01,,
31372,14228,2020-10-01,,
31384,3501,2020-10-01,,
31386,15370,2020-10-01,,
31389,10323,2020-10-01,,
31390,10696,2020-10-01,,
31401,4196,2020-10-01,,
31402,2907,2020-10-01,,
31403,2672,2020-10-01,,
32201,203616,2020-10-01,,
32202,54592,2020-10-01,,
32203,172775,2020-10-01,,
32204,45003,2020-10-01,,
32205,32846,2020-10-01,,
32206,37062,2020-10-01,,
32207,22959,2020-10-01,,
32209,36007,2020-10-01,,
32343,11849,2020-10-01,,
32386,4577,2020-10-01,,
32441,3248,2020-10-01,,
32448,4355,2020-10-01,,
32449,10163,2020-10-01,,
32501,6875,2020-10-01,,
32505,6077,2020-10-01,,
32525,2267,2020-10-01,,
32526,2788,2020-10-01,,
32527,634,2020-10-01,,
32528,13433,2020-10-01,,
33202,474592,2020-10-01,,
33203,99937,2020-10-01,,
33204,56531,2020-10-01,,
33205,46088,2020-10-01,,
33207,38384,2020-10-01,,
33208,69030,2020-10-01,,
33209,29072,2020-10-01,,
33210,28079,2020-10-01,,
33211,32320,2020-10-01,,
33212,36048,2020-10-01,,
33213,42661,2020-10-01,,
33214,42725,2020-10-01,,
33215,25939,2020-10-01,,
33216,32772,2020-10-01,,
33346,13623,2020-10-01,,
33423,12368,2020-10-01,,
33445,10950,2020-10-01,,
33461,13414,2020-10-01,,
33586,813,2020-10-01,,
33606,12062,2020-10-01,,
33622,10888,2020-10-01,,
33623,5578,2020-10-01,,
33643,1398,2020-10-01,,
33663,4530,2020-10-01,,
33666,13053,2020-10-01,,
33681,10886,2020-10-01,,
34202,214592,2020-10-01,,
34203,23993,2020-10-01,,
34204,90573,2020-10-01,,
34205,131170,2020-10-01,,
34207,460930,2020-10-01,,
34208,37655,2020-10-01,,
34209,50681,2020-10-01,,
34210,33633,2020-10-01,,
34211,26319,2020-10-01,,
34212,196608,2020-10-01,,
34213,114173,2020-10-01,,
34214,26448,2020-10-01,,
34215,21930,2020-10-01,,
34302,51155,2020-10-01,,
34304,29636,2020-10-01,,
34307,22834,2020-10-01,,
34309,12582,2020-10-01,,
34368,5740,2020-10-01,,
34369,17763,2020-10-01,,
34431,7158,2020-10-01,,
34462,15125,2020-10-01,,
34545,8250,2020-10-01,,
35201,255051,2020-10-01,,
35202,162570,2020-10-01,,
35203,193966,2020-10-01,,
35204,44626,2020-10-01,,
35206,113979,2020-10-01,,
35207,55887,2020-10-01,,
35208,129125,2020-10-01,,
35210,49798,2020-10-01,,
35211,32519,2020-10-01,,
35212,30799,2020-10-01,,
35213,23247,2020-10-01,,
35215,137540,2020-10-01,,
35216,60326,2020-10-01,,
35305,14798,2020-10-01,,
35321,6034,2020-10-01,,
35341,2342,2020-10-01,,
35343,14483,2020-10-01,,
35344,11914,2020-10-01,,
35502,3055,2020-10-01,,
36201,252391,2020-10-01,,
36202,54622,2020-10-01,,
36203,36149,2020-10-01,,
36204,69470,2020-10-01,,
36205,38772,2020-10-01,,
36206,34713,2020-10-01,,
36207,28055,2020-10-01,,
36208,23605,2020-10-01,,
36301,4837,2020-10-01,,
36302,1380,2020-10-01,,
36321,2058,2020-10-01,,
36341,24833,2020-10-01,,
36342,4647,2020-10-01,,
36368,7367,2020-10-01,,
36383,3743,2020-10-01,,
36387,6222,2020-10-01,,
36388,8358,2020-10-01,,
36401,14583,2020-10-01,,
36402,22745,2020-10-01,,
36403,35246,2020-10-01,,
36404,13042,2020-10-01,,
36405,11384,2020-10-01,,
36468,7715,2020-10-01,,
36489,13622,2020-10-01,,
37201,417496,2020-10-01,,
37202,109513,2020-10-01,,
37203,50624,2020-10-01,,
37204,31631,2020-10-01,,
37205,57438,2020-10-01,,
37206,47003,2020-10-01,,
37207,28279,2020-10-01,,
37208,61857,2020-10-01,,
37322,12846,2020-10-01,,
37324,13870,2020-10-01,,
37341,26878,2020-10-01,,
37364,3103,2020-10-01,,
37386,18699,2020-10-01,,
37387,22693,2020-10-01,,
37403,8468,2020-10-01,,
37404,22445,2020-10-01,,
37406,17401,2020-10-01,,
38201,511192,2020-10-01,,
38202,151672,2020-10-01,,
38203,70809,2020-10-01,,
38204,31987,2020-10-01,,
38205,115938,2020-10-01,,
38206,104791,2020-10-01,,
38207,40575,2020-10-01,,
38210,35133,2020-10-01,,
38213,82754,2020-10-01,,
38214,35388,2020-10-01,,
38215,33903,2020-10-01,,
38356,6509,2020-10-01,,
38386,7404,2020-10-01,,
38401,29630,2020-10-01,,
38402,20480,2020-10-01,,
38422,15322,2020-10-01,,
38442,8397,2020-10-01,,
38484,3674,2020-10-01,,
38488,9682,2020-10-01,,
38506,19601,2020-10-01,,
39201,326545,2020-10-01,,
39202,11742,2020-10-01,,
39203,16243,2020-10-01,,
39204,46664,2020-10-01,,
39205,25732,2020-10-01,,
39206,20590,2020-10-01,,
39208,19033,2020-10-01,,
39209,12388,2020-10-01,,
39210,32694,2020-10-01,,
39211,32207,2020-10-01,,
39212,26513,2020-10-01,,
39301,2194,2020-10-01,,
39302,3034,2020-10-01,,
39303,2498,2020-10-01,,
39304,2370,2020-10-01,,
39305,1146,2020-10-01,,
39306,745,2020-10-01,,
39307,3694,2020-10-01,,
39341,3261,2020-10-01,,
39344,3252,2020-10-01,,
39363,3753,2020-10-01,,
39364,366,2020-10-01,,
39386,21374,2020-10-01,,
39387,4827,2020-10-01,,
39401,6002,2020-10-01,,
39402,12323,2020-10-01,,
39403,5187,2020-10-01,,
39405,3307,2020-10-01,,
39410,4812,2020-10-01,,
39411,5291,2020-10-01,,
39412,15607,2020-10-01,,
39424,4434,2020-10-01,,
39427,1437,2020-10-01,,
39428,10262,2020-10-01,,
40202,111281,2020-10-01,,
40203,303316,2020-10-01,,
40204,56212,2020-10-01,,
40205,126364,2020-10-01,,
40206,46203,2020-10-01,,
40207,64475,2020-10-01,,
40210,60608,2020-10-01,,
40211,48827,2020-10-01,,
40212,32988,2020-10-01,,
40213,71426,2020-10-01,,
40214,24391,2020-10-01,,
40215,40362,2020-10-01,,
40216,59360,2020-10-01,,
40217,103311,2020-10-01,,
40218,111023,2020-10-01,,
40219,102085,2020-10-01,,
40220,97095,2020-10-01,,
40221,73164,2020-10-01,,
40223,58786,2020-10-01,,
40224,67033,2020-10-01,,
40225,27981,2020-10-01,,
40226,26298,2020-10-01,,
40227,35473,2020-10-01,,
40228,50273,2020-10-01,,
40229,35861,2020-10-01,,
40230,98877,2020-10-01,,
40231,50112,2020-10-01,,
40341,37671,2020-10-01,,
40342,31209,2020-10-01,,
40343,46377,2020-10-01,,
40344,28628,2020-10-01,,
40345,32927,2020-10-01,,
40348,9068,2020-10-01,,
40349,48190,2020-10-01,,
40381,13545,2020-10-01,,
40382,28114,2020-10-01,,
40383,31007,2020-10-01,,
40384,18723,2020-10-01,,
40401,7151,2020-10-01,,
40402,15080,2020-10-01,,
40421,12878,2020-10-01,,
40447,29591,2020-10-01,,
40448,1899,2020-10-01,,
40503,15521,2020-10-01,,
40522,13820,2020-10-01,,
40544,19969,2020-10-01,,
40601,10191,2020-10-01,,
40602,8801,2020-10-01,,
40604,8407,2020-10-01,,
40605,15176,2020-10-01,,
40608,5008,2020-10-01,,
40609,2774,2020-10-01,,
40610,21398,2020-10-01,,
40621,37684,2020-10-01,,
40625,18825,2020-10-01,,
40642,6536,2020-10-01,,
40646,7251,2020-10-01,,
40647,17189,2020-10-01,,
41201,233301,2020-10-01,,
41202,117373,2020-10-01,,
41203,74196,2020-10-01,,
41204,18295,2020-10-01,,
41205,52629,2020-10-01,,
41206,47914,2020-10-01,,
41207,27892,2020-10-01,,
41208,43952,2020-10-01,,
41209,25848,2020-10-01,,
41210,31022,2020-10-01,,
41327,16323,2020-10-01,,
41341,17250,2020-10-01,,
41345,9286,2020-10-01,,
41346,25511,2020-10-01,,
41387,5609,2020-10-01,,
41401,19010,2020-10-01,,
41423,6293,2020-10-01,,
41424,9566,2020-10-01,,
41425,22051,2020-10-01,,
41441,8121,2020-10-01,,
42201,409118,2020-10-01,,
42202,243223,2020-10-01,,
42203,43338,2020-10-01,,
42204,133852,2020-10-01,,
42205,95397,2020-10-01,,
42207,29365,2020-10-01,,
42208,21271,2020-10-01,,
42209,28502,2020-10-01,,
42210,24948,2020-10-01,,
42211,34391,2020-10-01,,
42212,26275,2020-10-01,,
42213,41096,2020-10-01,,
42214,42330,2020-10-01,,
42307,40780,2020-10-01,,
42308,29339,2020-10-01,,
42321,7721,2020-10-01,,
42322,13377,2020-10-01,,
42323,14291,2020-10-01,,
42383,2288,2020-10-01,,
42391,13912,2020-10-01,,
42411,17503,2020-10-01,,
43202,123067,2020-10-01,,
43203,31108,2020-10-01,,
43204,50832,2020-10-01,,
43205,23557,2020-10-01,,
43206,64292,2020-10-01,,
43208,49025,2020-10-01,,
43210,46416,2020-10-01,,
43211,36122,2020-10-01,,
43212,24563,2020-10-01,,
43213,57032,2020-10-01,,
43214,24930,2020-10-01,,
43215,75783,2020-10-01,,
43216,61772,2020-10-01,,
43348,9392,2020-10-01,,
43364,5045,2020-10-01,,
43367,8979,2020-10-01,,
43368,15372,2020-10-01,,
43369,9342,2020-10-01,,
43403,35187,2020-10-01,,
43404,43337,2020-10-01,,
43423,3750,2020-10-01,,
43424,6590,2020-10-01,,
43425,1382,2020-10-01,,
43428,5789,2020-10-01,,
43432,6426,2020-10-01,,
43433,9836,2020-10-01,,
43441,16303,2020-10-01,,
43442,9547,2020-10-01,,
43443,32510,2020-10-01,,
43444,10132,2020-10-01,,
43447,13503,2020-10-01,,
43468,11094,2020-10-01,,
43482,15681,2020-10-01,,
43484,4254,2020-10-01,,
43501,10288,2020-10-01,,
43505,9076,2020-10-01,,
43506,3627,2020-10-01,,
43507,2033,2020-10-01,,
43510,4070,2020-10-01,,
43511,931,2020-10-01,,
43512,3238,2020-10-01,,
43513,2433,2020-10-01,,
43514,14676,2020-10-01,,
43531,7114,2020-10-01,,
44201,475614,2020-10-01,,
44202,115321,2020-10-01,,
44203,82863,2020-10-01,,
44204,62657,2020-10-01,,
44205,66851,2020-10-01,,
44206,36158,2020-10-01,,
44207,16100,2020-10-01,,
44208,20332,2020-10-01,,
44209,22112,2020-10-01,,
44210,27999,2020-10-01,,
44211,52771,2020-10-01,,
44212,33695,2020-10-01,,
44213,32772,2020-10-01,,
44214,26232,2020-10-01,,
44322,1725,2020-10-01,,
44341,27723,2020-10-01,,
44461,8541,2020-10-01,,
44462,14386,2020-10-01,,
45201,401339,2020-10-01,,
45202,160640,2020-10-01,,
45203,118394,2020-10-01,,
45204,50848,2020-10-01,,
45205,43670,2020-10-01,,
45206,59629,2020-10-01,,
45207,16822,2020-10-01,,
45208,28610,2020-10-01,,
45209,17638,2020-10-01,,
45341,25591,2020-10-01,,
45361,8639,2020-10-01,,
45382,18398,2020-10-01,,
45383,6934,2020-10-01,,
45401,19922,2020-10-01,,
45402,16564,2020-10-01,,
45403,1000,2020-10-01,,
45404,4895,2020-10-01,,
45405,15194,2020-10-01,,
45406,9906,2020-10-01,,
45421,17379,2020-10-01,,
45429,1486,2020-10-01,,
45430,2503,2020-10-01,,
45431,4826,2020-10-01,,
45441,11642,2020-10-01,,
45442,3635,2020-10-01,,
45443,3472,2020-10-01,,
46201,593128,2020-10-01,,
46203,101096,2020-10-01,,
46204,20033,2020-10-01,,
46206,19270,2020-10-01,,
46208,51994,2020-10-01,,
46210,39011,2020-10-01,,
46213,14708,2020-10-01,,
46214,13819,2020-10-01,,
46215,92403,2020-10-01,,
46216,47153,2020-10-01,,
46217,33310,2020-10-01,,
46218,123135,2020-10-01,,
46219,27490,2020-10-01,,
46220,32887,2020-10-01,,
46221,29329,2020-10-01,,
46222,41390,2020-10-01,,
46223,33080,2020-10-01,,
46224,24453,2020-10-01,,
46225,76348,2020-10-01,,
46303,405,2020-10-01,,
46304,740,2020-10-01,,
46392,20243,2020-10-01,,
46404,9705,2020-10-01,,
46452,9119,2020-10-01,,
46468,12385,2020-10-01,,
46482,6237,2020-10-01,,
46490,6944,2020-10-01,,
46491,6481,2020-10-01,,
46492,14227,2020-10-01,,
46501,7539,2020-10-01,,
46502,5445,2020-10-01,,
46505,11858,2020-10-01,,
46523,1364,2020-10-01,,
46524,1621,2020-10-01,,
46525,8546,2020-10-01,,
46527,5817,2020-10-01,,
46529,6629,2020-10-01,,
46530,10147,2020-10-01,,
46531,5517,2020-10-01,,
46532,6139,2020-10-01,,
46533,6246,2020-10-01,,
46534,5750,2020-10-01,,
46535,5115,2020-10-01,,
47201,317625,2020-10-01,,
47205,100125,2020-10-01,,
47207,47637,2020-10-01,,
47208,115690,2020-10-01,,
47209,63554,2020-10-01,,
47210,61007,2020-10-01,,
47211,142752,2020-10-01,,
47212,64612,2020-10-01,,
47213,125303,2020-10-01,,
47214,52931,2020-10-01,,
47215,44043,2020-10-01,,
47301,4517,2020-10-01,,
47302,3092,2020-10-01,,
47303,1598,2020-10-01,,
47306,8894,2020-10-01,,
47308,12530,2020-10-01,,
47311,10869,2020-10-01,,
47313,5833,2020-10-01,,
47314,10806,2020-10-01,,
47315,4118,2020-10-01,,
47324,41206,2020-10-01,,
47325,13521,2020-10-01,,
47326,28201,2020-10-01,,
47327,17969,2020-10-01,,
47328,22157,2020-10-01,,
47329,34984,2020-10-01,,
47348,19695,2020-10-01,,
47350,40440,2020-10-01,,
47353,718,2020-10-01,,
47354,892,2020-10-01,,
47355,683,2020-10-01,,
47356,346,2020-10-01,,
47357,1285,2020-10-01,,
47358,590,2020-10-01,,
47359,1126,2020-10-01,,
47360,1322,2020-10-01,,
47361,7192,2020-10-01,,
47362,30941,2020-10-01,,
47375,1058,2020-10-01,,
47381,3942,2020-10-01,,
47382,1676,2020-10-01,,
designated-city:愛知県:名古屋市,2332176,2020-10-01,,
designated-city:岡山県:岡山市,724691,2020-10-01,,
designated-city:宮城県:仙台市,1096704,2020-10-01,,
designated-city:京都府:京都市,1463723,2020-10-01,,
designated-city:熊本県:熊本市,738865,2020-10-01,,
designated-city:広島県:広島市,1200754,2020-10-01,,
designated-city:埼玉県:さいたま市,1324025,2020-10-01,,
designated-city:新潟県:新潟市,789275,2020-10-01,,
designated-city:神奈川県:横浜市,3777491,2020-10-01,,
designated-city:神奈川県:川崎市,1538262,2020-10-01,,
designated-city:神奈川県:相模原市,725493,2020-10-01,,
designated-city:静岡県:静岡市,693389,2020-10-01,,
designated-city:静岡県:浜松市,790718,2020-10-01,,
designated-city:千葉県:千葉市,974951,2020-10-01,,
designated-city:大阪府:堺市,826161,2020-10-01,,
designated-city:大阪府:大阪市,2752412,2020-10-01,,
designated-city:福岡県:福岡市,1612392,2020-10-01,,
designated-city:福岡県:北九州市,939029,2020-10-01,,
designated-city:兵庫県:神戸市,1525152,2020-10-01,,
designated-city:北海道:札幌市,1973395,2020-10-01,,
